<?xml version="1.0" encoding="UTF-8"?>
<elementDefinition xmlns="http://www.xframium.org/pageRegistry"
	xmlns:xsi="http://www.w3.org/2001/XMLSchema-instance"
	xsi:schemaLocation="http://www.xframium.org/pageRegistry http://www.xframium.org/xsd/pageManagement/pageRegistry.xsd">
<site name="EZFlow">
		<page name="DashboardPage">
			<!-- <element name="btn_newSubmission" descriptor="XPATH" value="//*[@id='container-application']/div/div[1]/div/div[3]/div[2]/a" /> -->
			<element name="btn_newSubmission" descriptor="XPATH" value="//div[@id='container-application']/div/div/div/div[3]/div[2]/a" />
			<element name="lst_Department" descriptor="XPATH" value="//*[@name='Department']" />
			<element name="lst_ProfitCenter" descriptor="XPATH" value="//*[@name='profitCenter']" />
			<element name="lst_UWYear" descriptor="XPATH" value="//*[@name='uwYear']" />
			<element name="lst_UnderWriter" descriptor="XPATH" value="//*[@name='Writer']" />
			<element name="txt_NamedInsured" descriptor="XPATH" value="//*[@id='namedInsured']" />
			<element name="btn_Submit" descriptor="XPATH" value="//*[text()='Submit']" />
			<element name="lst_SubmissionType" descriptor="XPATH" value="//*[contains(@name,'submission type')]" />
			<element name="txt_Broker" descriptor="XPATH" value="//*[@id='brokerId']" />
			<element name="txt_BrokerCode" descriptor="XPATH" value="//*[@id='brokerCode']" />
			<element name="lst_Priority" descriptor="XPATH" value="//*[@name='priority']" />
			<element name="btn_Document" descriptor="XPATH" value="//*[@id='btnupload']" />
			<element name="btn_Browse" descriptor="XPATH" value="//*[@type='file']" />
			<element name="lst_DocumentType" descriptor="XPATH" value="//select[@class='form-control docTypeselect ng-untouched ng-pristine ng-valid']" />
			<element name="btn_Save" descriptor="XPATH" value="//*[@id='modal_dialog_Document']//*[text()='Save']" />
			<element name="lst_Brokerselect" descriptor="XPATH" value="//*[@id='brokerId_listbox']/li[1]" />
			<element name="lst_CedingcompSelect" descriptor="XPATH" value="//*[@id='cedingcompany_listbox']/li[1]" />
		
			<element name="UWInfo" descriptor="XPATH" value="//select[@class='form-control docTypeselect ng-untouched ng-pristine ng-valid']/optgroup[13]/option[3]" />
			<element name="ClearenceReport" descriptor="XPATH" value="//*[@class='form-control docTypeselect ng-untouched ng-pristine ng-valid']//optgroup[5]/option" />
			<element name="Qutoe" descriptor="XPATH" value="//select[@class='form-control docTypeselect ng-untouched ng-pristine ng-valid']/optgroup[7]/option[6]" />
			<element name="Binder" descriptor="XPATH" value="//select[@class='form-control docTypeselect ng-untouched ng-pristine ng-valid']/optgroup[3]/option[1]" />
			<element name="Certificate" descriptor="XPATH" value="//select[@class='form-control docTypeselect ng-untouched ng-pristine ng-valid']/optgroup[3]/option[2]" />
			<element name="CedingCompayPolicy" descriptor="XPATH" value="//select[@class='form-control docTypeselect ng-untouched ng-pristine ng-valid']/optgroup[10]/option[2]" />
			<element name="Advice" descriptor="XPATH" value="//select[@class='form-control docTypeselect ng-untouched ng-pristine ng-valid']/optgroup[2]/option" />
			<element name="ActuarialWritten" descriptor="XPATH" value="//select[@class='form-control docTypeselect ng-untouched ng-pristine ng-valid']/optgroup[14]/option[1]" />
		    <element name="txt_SubmissionNo" descriptor="XPATH" value="//*[@id='submissionno']" />
		    <element name="txt_Contractno" descriptor="XPATH" value="//*[@id='contractno']" />
		    <element name="lst_Filestatus" descriptor="XPATH" value="//*[@name='fileStatus']" />
		    <element name="txt_CedingCompany" descriptor="XPATH" value="//*[@id='cedingcompany']" />
		    <element name="chk_ClearanceApprovel" descriptor="XPATH" value="//*[@name='clearanceApproval']" />
		    <element name="txt_ClearanceRemack" descriptor="XPATH" value="//*[@id='clearanceRemark']" />
		    <element name="dat_Effective" descriptor="XPATH" value="//*[@id='detailsSection_Content']/div[2]/div[5]/div/my-date-picker/div/div[1]/input" />
		   
		    <element name="chk_Referral" descriptor="XPATH" value="//*[@class='checklist-section border-class checkListClass']/ezflow-checklist/div[6]/div//li[5]/input" />
		    <element name="chk_Actuary" descriptor="XPATH" value="//*[@class='checklist-section border-class checkListClass']/ezflow-checklist/div[6]/div//li[4]/input" />
		   <element name="btn_Bound" descriptor="XPATH" value="//*[text()='Bound']" />
		   <element name="msg_Status" descriptor="XPATH" value="//span[@class='overAllSection pull-right']" />
		  <element name="btn_SaveChanges" descriptor="XPATH" value="//*[@id='resizable']//*[text()='Save']" />
		   <element name="chk_Advice" descriptor="XPATH" value="//div[@id='submissiongriddiv']/table/tbody//tr[td[text()='Advice']]/td[2]" />
		   <element name="btn_initiateApproval" descriptor="XPATH" value="//*[@id='btninitiate']" />
		   <element name="txt_AprovalCommment" descriptor="XPATH" value="//*[@class='doc-approval-comment']" />
		   <element name="btn_AdviceAproval" descriptor="XPATH" value="//*[@id='btndocapproval']" />
		    <element name="btn_AdviceApproved" descriptor="XPATH" value="//*[@id='btndocapprove']" />
		      <element name="btn_Complete" descriptor="XPATH" value="//*[text()='Complete']" />
		      <element name="btn_Assign" descriptor="XPATH" value="//*[text()='Assign']" />
		       <element name="lst_Apprmanager" descriptor="XPATH" value="//*[@name='approvalmanagers']" />
		        <element name="txt_Approvalreason" descriptor="XPATH" value="//*[@id='approvalreason']" />
		       
		      <element name="btn_SaveAssigny" descriptor="XPATH" value="//*[text()='Save']" />
		      
		      <element name="lnk_BoundWaitingFurther" descriptor="XPATH" value="//tr/td/p/a[@class='k-icon k-i-expand' and @tabindex='-1']/following::span[contains(text(),'Waiting Further Action')][1]/../a" />
		      <!-- <element name="lnk_ReviewUnknown" descriptor="XPATH" value="//tr/td/p/span[contains(text(),'Review')]/../../../following-sibling::tr[1]/td[2]/p/a[@class='k-icon k-i-expand' and @tabindex='-1']" /> -->
		      <element name="lnk_ReviewUnknown" descriptor="XPATH" value="//tr/td/p/span[contains(text(),'{tokenSubmissionStatus}')]/../../../following-sibling::tr[1]/td[2]/p/a[@class='k-icon k-i-expand' and @tabindex='-1']" />
		      <element name="lnk_ReviewSubmissionNumber" descriptor="XPATH" value="//tr/td/p/span[contains(text(),'Review')]/../../../following-sibling::tr[2]/td[3]/a" />
			<element name="lnk_SubmissionID" descriptor="XPATH" value="//tr/td/p/a[@class='k-icon k-i-expand' and @tabindex='-1']/following::span[contains(text(),'Waiting Further Action')][1]/../../../following::tr[1]/td[3]/a" />
		
		</page>
</site>
	
</elementDefinition>